Time(s),rhoInlet(Kg/m3)
1.0230000000000001,0.00163,106607.303891,108813.820771,111023.029882,113232.085817,115440.975617,117649.703273,119858.179526,122066.61745,124235.341709,126536.363198,128774.711721,131024.260998,133273.298571,135521.881154,137770.007019,140017.66957,142265.032834
16.383000000000003,0.00163,106589.434421,108807.986181,111027.575082,113246.93047,115466.047877,117684.932839,119903.530614,122122.065699,124291.448312,126606.622851,128851.274598,131100.656554,133349.530654,135597.947563,137845.905358,140093.397411,142340.588611
52.767,0.00163,106555.711457,108772.955098,110991.366281,113209.424137,115427.130549,117644.492586,119861.469432,122078.380117,124238.133488,126564.700809,128820.008957,131070.161214,133319.595634,135568.378127,137816.502694,140063.956716,142310.976399
112.767,0.00134828098468,106500.176295,108723.263586,110947.94991,113172.297557,115396.308418,117619.987141,119843.306393,122066.640916,124236.547417,126568.701298,128829.710713,131078.777219,133327.226121,135575.149796,137822.544559,140069.402272,142315.912872
152.767,0.00109988028624,106463.944989,108689.003928,110915.975237,113142.565375,115368.77777,117594.617032,119820.064511,122045.503948,124217.177424,126559.218293,128819.098928,131067.964637,133316.184077,135563.870844,137811.02074,140057.625469,142303.877827
200,0.000918010876571,106420.273699,108634.831157,110852.559113,113070.720993,115289.312802,117508.332409,119727.757115,121948.007922,124112.390504,126470.430476,128721.03902,130964.828328,133208.80006,135453.131733,137697.821872,139942.876101,142188.16568
