Time(s),rhoInlet(Kg/m3)
1.0230000000000001,0.00163,106607.848993,108809.839044,111015.103526,113220.207806,115425.189076,117630.016688,119834.684025,122039.259879,124181.44621,126509.00377,128741.37294,130990.937098,133239.974822,135488.557687,137736.682355,139984.346044,142231.730015
16.383000000000003,0.00163,106589.721475,108807.981155,111027.584716,113246.939265,115466.064657,117684.946673,119903.582037,122122.11571,124280.244907,126607.237319,128850.629825,131100.013271,133348.887613,135597.304805,137845.261396,140092.754595,142339.966608
52.767,0.00163,106555.779733,108773.19803,110991.864054,113210.164046,115428.11133,117645.702716,119862.934769,122080.062049,124235.205987,126571.776431,128821.202842,131071.353239,133320.788062,135569.570943,137817.693785,140065.149459,142312.199364
112.767,0.00134828098468,106500.227189,108723.523565,110948.469587,113173.068753,115397.327592,117621.24598,119844.818653,122068.375891,124238.383669,126576.012137,128830.465058,131079.526139,133327.975398,135575.899396,137823.292773,140070.151807,142316.68645
152.767,0.00109988028624,106464.002318,108689.288864,110916.537009,113143.398827,115369.879453,117595.980707,119821.698079,122047.382271,124219.556726,126564.734355,128819.855784,131068.714074,133316.933901,135564.620995,137811.769483,140058.375554,142304.652321
200,0.000918010876571,106420.332071,108635.096464,110853.082239,113071.498505,115290.343937,117509.614013,119729.297583,121949.784593,124114.13141,126473.002205,128721.416476,130965.192547,133209.164234,135453.495688,137698.186767,139943.240099,142188.513374
