Time(s),rhoInlet(Kg/m3)
1.0230000000000001,0.00163,106606.627607,108811.29842,111018.097936,113224.725675,115431.196653,117637.503756,119843.630926,122049.667863,124197.652306,126532.927504,128754.958065,131004.522177,133253.559188,135502.142968,137750.267318,139997.930935,142245.308497
16.383000000000003,0.00163,106589.531585,108807.948437,111027.553156,113246.90837,115466.023015,117684.894848,119903.515161,122122.037875,124283.673303,126611.466124,128851.258758,131100.642517,133349.516125,135597.934238,137845.89051,140093.383634,142340.589206
52.767,0.00163,106555.794256,108773.109008,110991.706469,113209.938107,115427.812601,117645.332162,119862.490122,122079.551839,124238.55484,126571.462213,128821.117565,131071.266618,133320.700416,135569.484622,137817.60701,140065.062575,142312.103128
112.767,0.00134828098468,106500.205209,108723.439351,110948.314154,113172.84229,115397.028872,117620.875958,119844.376474,122067.869727,124239.049276,126575.695814,128830.313761,131079.37161,133327.820032,135575.745092,137823.138101,140069.997049,142316.524252
152.767,0.00109988028624,106463.977856,108689.200684,110916.370804,113143.154927,115369.557509,117595.581684,119821.221494,122046.835571,124219.823235,126565.383668,128819.65033,131068.504345,133316.723318,135564.41149,137811.559605,140058.165589,142304.434802
200,0.000918010876571,106420.300216,108635.013473,110852.925357,113071.26724,115290.038084,117509.232938,119728.841256,121949.260452,124115.001131,126474.386911,128721.258754,130965.03025,133209.002437,135453.333172,137698.0245,139943.07789,142188.356211
