Time(s),rhoInlet(Kg/m3)
1.0230000000000001,0.00163,106610.810163,108807.719104,111010.859674,113213.892922,115416.760524,117619.487923,119822.110674,122024.627896,124159.995177,126479.779835,128722.964098,130972.532566,133221.569912,135470.153214,137718.278465,139965.94201,142213.351101
16.383000000000003,0.00163,106589.552012,108808.105883,111027.839947,113247.346619,115466.593436,117685.594251,119904.373595,122123.036211,124278.645979,126607.509995,128851.172207,131100.552631,133349.426634,135597.844267,137845.801445,140093.294497,142340.531763
52.767,0.00163,106555.687645,108773.41568,110992.299313,113210.824477,115428.979214,117646.773046,119864.218813,122081.544967,124231.377131,126577.724371,128822.253551,131072.39956,133321.833872,135570.6174,137818.741084,140066.196553,142313.283123
112.767,0.00134828098468,106500.2685,108723.720255,110948.857726,113173.650298,115398.09377,117622.193211,119845.951347,122069.680577,124231.003917,126578.306693,128831.034408,131080.08916,133328.538034,135576.462542,137823.856594,140070.715461,142317.279273
152.767,0.00109988028624,106464.056773,108689.493792,110916.938743,113143.997628,115370.669614,117596.959427,119822.867304,122048.730904,124212.554912,126565.91746,128820.446303,131069.296958,133317.516398,135565.20401,137812.353184,140058.959086,142305.265466
200,0.000918010876571,106420.396519,108635.27747,110853.435911,113072.026452,115291.042886,117510.48265,119730.339295,121950.992219,124107.784156,126472.991185,128721.797353,130965.563479,133209.535519,135453.866627,137698.557248,139943.610693,142188.864187
