Time(s),P6(Pa),P6.5(Pa),P7(Pa),P7.5(Pa),P8(Pa)
10.23,147387.35094382655,155977.41693219755,235183.88835029164,173159.3832035627,181751.52424899518
30.23,147384.69996957015,155974.48677910244,235176.88062031116,173155.8821133633,181747.736352717
470.23,147352.2928139815,156595.60013585183,234290.68440882937,175305.0047039727,181480.12118042348
860.23,147341.03701741298,157677.54881069093,218572.59063499412,175962.05508888507,177570.21858840733
1360.23,147331.47039288364,149010.11488125747,138376.64560099793,156117.55248537203,164201.38993843278
