Time(s),outletFlowRate(Kg/s)
0,0.00163
1.0638299999999998,0.00163
