Time(s),outletFlowRate(Kg/s)
0,0.01865330950240543
5.109999999999999,0.01865330950240543
10.23,0.01865330950240543
20.23,0.01865330950240543
30.23,0.01865330950240543
