Time(s),outletFlowRate(Kg/s)
0,0.01865330950240553
5.109999999999999,0.015409707222216323
10.23,0.008967258619999051
20.23,0.005268486856451794
30.23,0.00385142047337104
