Time(s),outletFlowRate(Kg/s)
0,0.0016299999999999965
10.23,0.0016299999999999965
30.23,0.0016299999999999965
