Time(s),rhoInlet(Kg/m3),P6(Pa),P6.125(Pa),P6.25(Pa),P6.375(Pa),P6.5(Pa),P6.625(Pa),P6.75(Pa),P6.875(Pa),P7(Pa),P7.125(Pa),P7.25(Pa),P7.375(Pa),P7.5(Pa),P7.625(Pa),P7.75(Pa),P7.875(Pa),P8(Pa)
10.23,2207.9680571697945,129958.31975034671,132665.32779628577,135372.33583735127,138079.34388278835,140786.35192541234,143493.35996888648,146200.36861596644,148912.91788716495,201378.70804839864,161247.3475465376,157030.15009929193,159736.7261633472,162444.24688814871,165151.76771818547,167859.28854829163,170566.8093783958,173274.33020850044
30.23,2207.75853240391,129943.33646575417,132650.0875666805,135356.8386627499,138063.5897631864,140770.34086528403,143477.0937750764,146184.56523179132,149116.28193680904,201352.8354322972,167841.2451912259,157090.2575712524,159719.14650833327,162426.17267467,165133.435925668,167840.699824428,170547.9637247838,173255.22762514374
