Time(s),P6(Pa),P6.5(Pa),P7(Pa),P7.5(Pa),P8(Pa)
10.23,147387.3509438284,155977.41694051662,235183.88836422868,173159.38322140923,181751.5242668413
30.23,147384.69996957577,155974.48680364966,235176.88066775957,173155.8821661351,181747.73640548877
470.23,147352.29281398398,156595.60030904127,234290.68498913228,175305.00509144476,181480.1215575082
860.23,147341.03701741277,157677.54900531404,218572.5912999505,175962.0555404977,177570.21902269908
1360.23,147331.4703928817,149010.11508104554,138376.64618574962,156117.55300720956,164201.39047279552
2740.23,147314.88507108742,140501.0591444176,128184.87970456292,143995.95551722386,153751.34258336909
3000.23,147312.5466213444,139981.02272996103,128182.82009595678,142920.0629670095,152127.81030966248
4000.23,147304.80955767966,138903.10089541657,128176.50095667267,139608.9674619505,147027.1527684492
