Time(s),P6(Pa),P6.5(Pa),P7(Pa),P7.5(Pa),P8(Pa)
10.23,147387.35094344785,155977.43185736207,235183.94067214793,173159.41470959174,181751.55575502734
30.23,147384.69996919637,155974.50167103432,235176.93370027345,173155.91371066577,181747.7679500209
470.23,147352.29281390572,156595.60323362067,234290.69663151167,175305.0118794287,181480.1283226301
860.23,147341.03701737235,157677.55052516228,218572.59742679677,175962.05939537933,177570.22276942767
1360.23,147331.47039285355,149010.1161158624,138376.64915795444,156117.55561679503,164201.39314790352
