Time(s),P6(Pa),P6.5(Pa),P7(Pa),P7.5(Pa),P8(Pa)
10.23,117705.98337623959,125056.48421924375,176523.7865160296,139762.6130554721,147118.952724252
30.23,117700.19529057865,125053.83614021569,176523.9725650751,139763.29714473884,147119.4174785868
470.23,117681.63325957017,125746.43844373539,175859.05578582486,141806.29424417514,146941.91832524264
860.23,117676.00463999568,126600.78431132836,164002.96352368823,142097.69893574022,144233.8239508181
1360.23,117671.22398335791,119015.16313656689,109847.00309432216,125956.40423124103,134017.81431813794
2740.23,117662.93725620476,112818.43700238719,103765.79144333642,116931.55428635591,125422.95021806355
3000.23,117661.76850380111,112442.80276470594,103764.74676260065,116088.07686136832,124134.35995282151
5000,117654.72761961594,111375.23891186199,103758.99434820491,111663.53925532947,117271.42176062267
