Time(s),rhoInlet(Kg/m3)
1.0230000000000001,0.00163,106608.987765,108808.126758,111011.70133,113215.124869,115418.460682,117621.658124,119824.669051,122027.620099,124185.330049,126476.706135,128727.150498,130976.723001,133225.760351,135474.343445,137722.468575,139970.132422,142217.525611
16.383000000000003,0.00163,106589.732507,108808.006505,111027.647929,113247.041004,115466.215403,117685.151039,119903.819597,122122.403125,124283.545764,126605.572597,128850.823426,131100.205644,133349.079651,135597.497075,137845.45413,140092.947486,142340.168767
52.767,0.00163,106555.713057,108773.278091,110992.030698,113210.415579,115428.451903,117646.133251,119863.442697,122080.654788,124234.558485,126578.233456,128821.581196,131071.727759,133321.162115,135569.945346,137818.068849,140065.524754,142312.588116
112.767,0.00134828098468,106500.220814,108723.588263,110948.600941,113173.265226,115397.590734,117621.575813,119845.208805,122068.829955,124235.564838,126578.36398,128830.523519,131079.578131,133328.027028,135575.951297,137823.345207,140070.204424,142316.749772
152.767,0.00109988028624,106464.00763,108689.359868,110916.678685,113143.609932,115370.160664,117596.331874,119822.115091,122047.868655,124217.273621,126564.574533,128819.961968,131068.812048,133317.031512,135564.71888,137811.86791,140058.474167,142304.761802
200,0.000918010876571,106420.348682,108635.162667,110853.213765,113071.694667,115290.606288,117509.942312,119729.689339,121950.245778,124112.383481,126469.90023,128721.478639,130965.244374,133209.216362,135453.547632,137698.238349,139943.291558,142188.557573
