Time(s),rhoInlet(Kg/m3)
1.0230000000000001,0.00163,106609.307138,108807.84296,111011.136663,113214.256921,115417.278691,117620.152067,119822.888952,122025.50637,124168.602399,126481.106065,128724.34907,130973.918855,133222.956333,135471.53943,137719.664762,139967.328182,142214.729016
16.383000000000003,0.00163,106589.482778,108808.051989,111027.740092,113247.173549,115466.375997,117685.335001,119904.053578,122122.65544,124282.269971,126607.20956,128850.800835,131100.181511,133349.055662,135597.473088,137845.430347,140092.923275,142340.152241
52.767,0.00163,106555.683973,108773.354024,110992.18116,113210.637418,115428.737471,117646.479136,119863.862551,122081.127131,124234.733264,126578.555466,128821.857441,131072.003393,133321.437935,135570.221162,137818.344965,140065.800253,142312.874774
112.767,0.00134828098468,106500.251731,108723.659197,110948.739585,113173.469698,115397.857294,117621.902322,119845.601367,122069.272517,124234.292335,126578.03226,128830.780509,131079.835219,133328.28427,135576.208539,137823.602686,140070.461408,142317.015633
152.767,0.00109988028624,106464.040164,108689.430147,110916.81509,113143.8111,115370.424378,117596.656441,119822.504013,122048.307744,124215.571128,126564.464588,128820.224191,131069.074918,133317.294536,135564.981906,137812.131176,140058.73693,142305.033578
200,0.000918010876571,106420.380901,108635.220471,110853.325833,113071.860276,115290.823419,117510.210548,119730.011694,121950.608229,124110.63049,126470.228053,128721.67258,130965.439095,133209.411017,135453.742286,137698.432843,139943.486387,142188.746382
