Time(s),rhoInlet(Kg/m3)
1.0230000000000001,0.00163,106604.570342,108821.697144,111039.167681,113256.419858,115473.359754,117690.168625,119906.551598,122123.104369,124294.544797,126604.64148,128848.764822,131098.29592,133347.335492,135595.915175,137844.037014,140091.707543,142339.015533
16.383000000000003,0.00163,106588.590782,108808.780038,111029.402519,113249.780662,115469.839603,117689.725945,119909.198935,122128.819943,124301.046003,126621.599662,128865.059979,131114.446453,133363.322384,135611.736378,137859.690125,140107.190199,142354.325834
52.767,0.00163,106555.436243,108772.37394,110990.343243,113207.970816,115425.185892,117642.136941,119858.579187,122075.194796,124239.430272,126578.235896,128821.745324,131071.932259,133321.367673,135570.145968,137818.264678,140065.730337,142312.669338
112.767,0.00134828098468,106499.976892,108722.486832,110946.510084,113170.210548,115393.537753,117616.601712,119839.217757,122062.055518,124231.089925,126586.379133,128830.692935,131079.832596,133328.281604,135576.201935,137823.592026,140070.459002,142316.905419
152.767,0.00109988028624,106463.694999,108688.07848,110914.241372,113140.03407,115365.430751,117590.499624,119815.123064,122039.905968,124208.427932,126576.207736,128819.536189,131068.493707,133316.712745,135564.396123,137811.541275,140058.155409,142304.342605
200,0.000918010876571,106419.93635,108633.817601,110850.646657,113067.911601,115285.58841,117503.727559,119722.218716,121941.685016,124101.032026,126486.061729,128721.90379,130965.811222,133209.779545,135454.113521,137698.806829,139943.854775,142189.187882
