Time(s),rhoInlet(Kg/m3)
1.0230000000000001,0.00163,503432.987274,677735.720373,677819.879411,680037.940184,682230.987093,684423.129084,686615.200251,688807.113073,690967.662771,693239.809753,695479.206176,697729.451933,699979.055481,702228.081507,704476.525056,706724.379447,708971.917923
16.383000000000003,0.00163,494980.867703,677737.666232,677765.916789,680000.342849,682211.967063,684422.850856,686633.545916,688844.073496,691028.634402,693307.057564,695545.762966,697795.768834,700045.159165,702293.969378,704542.194463,706789.827716,709037.14362
52.767,0.00163,493613.562628,677551.383484,677554.200964,679784.23584,681989.779238,684194.401139,686398.604823,688602.519802,690777.698874,693069.648991,695307.9279,697560.141649,699811.261388,702061.321481,704310.306241,706558.196717,708805.499262
112.767,0.00134828098468,492926.8145,677223.951292,677207.637164,679444.528213,681658.854468,683872.305717,686085.334305,688298.235168,690488.032297,692779.656172,695032.7959,697283.586236,699533.389004,701782.257132,704030.176188,706277.129339,708523.563513
152.767,0.00109988028624,492728.575167,676989.274504,676977.399182,679216.646631,681433.787454,683650.009905,685865.721958,688081.285087,690276.398898,692575.671643,694831.876768,697082.21577,699331.545047,701579.936976,703827.37702,706073.848602,708319.799885
200,0.000918010876571,492518.744694,676701.300793,676698.016036,678932.131185,681143.454657,683354.594013,685565.906313,687777.829775,689972.445122,692284.15455,694533.911586,696779.007079,699023.890975,701268.688988,703513.398294,705758.017345,708002.587909
