Time(s),rhoInlet(Kg/m3)
1.0230000000000001,0.00163,106605.585167,108818.231989,111032.098152,113245.738238,115459.165431,117672.378902,119885.389209,122098.243832,124274.294346,126578.740315,128814.745633,131064.282504,133313.320869,135561.904344,137810.028986,140057.692003,142305.024906
16.383000000000003,0.00163,106589.205692,108808.101783,111027.945056,113247.526787,115466.85745,117685.937364,119904.772072,122123.483277,124298.254015,126615.616793,128855.279013,131104.655441,133353.530262,135601.948066,137849.904631,140097.397154,142344.557832
52.767,0.00163,106555.74127,108772.452137,110990.453927,113208.091243,115425.37603,117642.31111,119858.901921,122075.387329,124241.008087,126574.903748,128819.013658,131069.160536,133318.595935,135567.379659,137815.502507,140062.957198,142309.932554
112.767,0.00134828098468,106500.052122,108722.804223,110947.101892,113171.057121,115394.678349,117617.967408,119840.924402,122063.876522,124236.74379,126577.260234,128829.364339,131078.434526,133326.884127,135574.808825,137822.202178,140069.060432,142315.535775
152.767,0.00109988028624,106463.772596,108688.520595,110915.068377,113141.234813,115367.026886,117592.44714,119817.494355,122042.519989,124215.584357,126566.258832,128818.670122,131067.544944,133315.765057,135563.452861,137810.601327,140057.206605,142303.423169
200,0.000918010876571,106420.061936,108634.368779,110851.694521,113069.449736,115287.635056,117506.246438,119725.275817,121945.109308,124109.843801,126476.701521,128721.053464,130964.858348,133208.829273,135453.160254,137697.851347,139942.905209,142188.218699
