Time(s),rhoInlet(Kg/m3)
1.0230000000000001,0.00163,106604.289221,108826.219962,111048.686889,113270.906549,115492.818007,117714.446727,119935.808143,122157.080256,124337.968646,126666.609839,128903.709975,131153.468132,133402.523611,135651.108075,137899.235643,140146.906134,142394.200729
16.383000000000003,0.00163,106588.331827,108810.806192,111033.891508,113256.719475,115479.233768,117701.459164,119923.410509,122145.308566,124324.642578,126661.837561,128897.616477,131147.22452,133396.116744,135644.535543,137892.495051,140139.995087,142387.117257
52.767,0.00163,106555.150397,108773.097733,110992.157833,113210.86847,115429.167156,117647.08754,119864.652225,122082.162802,124252.162651,126606.68341,128840.975511,131091.378177,133340.829686,135589.61515,137837.742178,140085.207751,142332.127182
112.767,0.00134828098468,106499.66513,108721.984863,110945.835236,113169.361669,115392.535895,117615.377811,119837.895739,122060.476393,124231.299976,126610.727748,128839.111532,131088.345682,133336.811896,135584.738071,137832.134822,140079.001749,142325.43261
152.767,0.00109988028624,106463.381229,108687.201555,110912.770848,113137.987039,115362.814844,117587.276146,119811.382808,122035.518109,124203.284166,126599.755851,128824.984878,131074.015768,133322.252951,135569.942362,137817.09428,140063.708364,142309.879766
200,0.000918010876571,106419.623421,108632.411012,110848.074596,113064.213203,115280.750518,117497.713324,119715.118535,121933.428243,124089.180265,126508.516658,128725.222606,130969.234914,133213.223727,135457.55362,137702.242388,139947.290367,142192.634024
