Time(s),outletFlowRate(Kg/s)
0,0.00163
1.27,0.00163
70.23,0.00163
130.23000000000002,0.00163
190.23000000000002,0.00163
200.23000000000002,0.00163
260.23,0.00163
